{"const_only": {"c_l": 1.746618990236956, "c_a": 0.24923846125020954}, "const_expo": {"c_l": 0.22493632208782988, "c_a": 0.11654171990643737, "q": 2.524545322669521, "gamma": 1.4409827880379815, "r_sq_l": 0.9502344558853639, "r_sq_a": 0.9820903616985539}}