{"rgi_id": "RGI60-11.01450", "t_star": 1966, "bias": 261.1209723309668, "mu_star": 24.35246264191636}