{"const_only": {"c_l": 1.8054161530060988, "c_a": 0.25011939131456845}, "const_expo": {"c_l": 0.24422551484811786, "c_a": 0.1174364450731111, "q": 2.5169432018343123, "gamma": 1.4405359898536096, "r_sq_l": 0.9452045956477748, "r_sq_a": 0.9805846817427352}}