{"rgi_id": "RGI60-11.01270", "t_star": 1938, "bias": 214.04271669207003, "mu_star": 21.2082705474384}