{"const_only": {"c_l": 1.5554506484609956, "c_a": 0.2523635036387843}, "const_expo": {"c_l": 787873420.2194887, "c_a": 787873420.2194887, "q": 0.0, "gamma": 0.0, "r_sq_l": NaN, "r_sq_a": NaN}}