{"rgi_id": "RGI60-11.00897", "t_star": 1905, "bias": 66.12871878745477, "mu_star": 47.7647032029939}