{"rgi_id": "RGI60-11.01328", "t_star": 1926, "bias": 191.14360261462096, "mu_star": 40.65810629954571}