{"rgi_id": "RGI60-11.03638", "t_star": 1966, "bias": 280.0248198913963, "mu_star": 22.14052251669824}