{"tmp": {"c_l": 2.541863934766808, "c_a": 0.2955655643252947}, "asdf": {"c_l": 2.541863934766808, "c_a": 0.2955655643252947}}