{"rgi_id": "RGI60-11.00787", "t_star": 1942, "bias": 0.6079730870067408, "mu_star": 57.915393792720835}