{"rgi_id": "RGI60-11.03643", "t_star": 1916, "bias": -0.8319801062109491, "mu_star": 23.186909067189294}